Sample,Absorption_avg_100,Absorption_std_100
As received,0.0009161,0.00028900000000000003
Ferritic,0.0007184,0.0001779
HAZ,0.0006181,7.02e-05
HAZ + Tempered,0.000802,0.0002274
Normalized,0.0007228,0.0002129
Normalized + Tempered,0.0009835,0.00047389999999999997
Over-tempered,0.0006765,0.00019679999999999999
Tempered,0.0010942999999999999,0.0002541
